カテゴリ,武器名
シューター,ヒーローシューターレプリカ
シューター,わかばシューター
シューター,オーダーシューターレプリカ
シューター,オクタシューターレプリカ
シューター,スプラシューター
シューター,プロモデラーMG
シューター,もみじシューター
シューター,N-ZAP85
シューター,スペースシューター
シューター,プライムシューター
シューター,ボールドマーカー
シューター,スプラシューターコラボ
シューター,N-ZAP89
シューター,52ガロン
シューター,スペースシューターコラボ
シューター,スプラシューター煌
シューター,ボールドマーカーネオ
シューター,L3リールガン
シューター,52ガロンデコ
シューター,ジェットスイーパー
シューター,シャープマーカー
シューター,96ガロン
シューター,プロモデラーRG
シューター,ボトルガイザー
シューター,プロモデラー彩
シューター,L3リールガンD
シューター,プライムシューターコラボ
シューター,L3リールガン箔
シューター,ジェットスイーパーカスタム
シューター,ジェットスイーパーCOBR
シューター,シャープマーカーネオ
シューター,シャープマーカーGECK
シューター,96ガロンデコ
シューター,プライムシューターFRZN
シューター,H3リールガン
シューター,96ガロン爪
シューター,ボトルガイザーフォイル
シューター,H3リールガンD
シューター,H3リールガンSNAK
チャージャー,オーダーチャージャーレプリカ
チャージャー,スプラチャージャー
チャージャー,スクイックリンα
チャージャー,スプラチャージャーコラボ
チャージャー,スプラスコープ
チャージャー,スプラチャージャーFRST
チャージャー,スクイックリンβ
チャージャー,R-PEN/5H
チャージャー,スプラスコープコラボ
チャージャー,スプラスコープFRST
チャージャー,リッター4K
チャージャー,R-PEN/5B
チャージャー,リッター4Kカスタム
チャージャー,14式竹筒銃・乙
チャージャー,14式竹筒銃・甲
チャージャー,ソイチューバー
チャージャー,4Kスコープ
チャージャー,ソイチューバーカスタム
チャージャー,4Kスコープカスタム
ブラスター,オーダーブラスターレプリカ
ブラスター,ホットブラスター
ブラスター,ラピッドブラスター
ブラスター,ホットブラスターカスタム
ブラスター,ホットブラスター艶
ブラスター,ラピッドブラスターデコ
ブラスター,ロングブラスター
ブラスター,ノヴァブラスター
ブラスター,ロングブラスターカスタム
ブラスター,S-BLAST92
ブラスター,クラッシュブラスター
ブラスター,ノヴァブラスターネオ
ブラスター,クラッシュブラスターネオ
ブラスター,Rブラスターエリート
ブラスター,S-BLAST91
ブラスター,Rブラスターエリートデコ
ブラスター,RブラスターエリートWNTR
ローラー,オーダーローラーレプリカ
ローラー,スプラローラー
ローラー,カーボンローラー
ローラー,スプラローラーコラボ
ローラー,ダイナモローラー
ローラー,ワイドローラー
ローラー,ダイナモローラーテスラ
ローラー,ダイナモローラー冥
ローラー,ワイドローラーコラボ
ローラー,ヴァリアブルローラー
ローラー,ワイドローラー惑
ローラー,カーボンローラーデコ
ローラー,カーボンローラーANGL
ローラー,ヴァリアブルローラーフォイル
フデ,オーダーブラシレプリカ
フデ,ホクサイ
フデ,パブロ
フデ,ホクサイ・ヒュー
フデ,ホクサイ彗
フデ,フィンセント
フデ,パブロ・ヒュー
フデ,フィンセント・ヒュー
フデ,フィンセントBRNZ
スロッシャー,オーダースロッシャーレプリカ
スロッシャー,バケットスロッシャー
スロッシャー,ヒッセン
スロッシャー,バケットスロッシャーデコ
スロッシャー,スクリュースロッシャー
スロッシャー,モップリン
スロッシャー,ヒッセン・ヒュー
スロッシャー,モップリンD
スロッシャー,ヒッセンASH
スロッシャー,オーバーフロッシャー
スロッシャー,モップリン角
スロッシャー,スクリュースロッシャーネオ
スロッシャー,オーバーフロッシャーデコ
スロッシャー,エクスプロッシャー
スロッシャー,エクスプロッシャーカスタム
スピナー,オーダースピナーレプリカ
スピナー,バレルスピナー
スピナー,スプラスピナー
スピナー,イグザミナー
スピナー,バレルスピナーデコ
スピナー,イグザミナー・ヒュー
スピナー,ハイドラント
スピナー,ハイドラントカスタム
スピナー,スプラスピナーコラボ
スピナー,ハイドラント圧
スピナー,スプラスピナーPYTN
スピナー,ノーチラス79
スピナー,ノーチラス47
スピナー,クーゲルシュライバー・ヒュー
スピナー,クーゲルシュライバー
マニューバー,オーダーマニューバーレプリカ
マニューバー,スプラマニューバー
マニューバー,デュアルスイーパー
マニューバー,スプラマニューバーコラボ
マニューバー,スパッタリー
マニューバー,スプラマニューバー耀
マニューバー,デュアルスイーパーカスタム
マニューバー,クアッドホッパーブラック
マニューバー,デュアルスイーパー蹄
マニューバー,ケルビン525
マニューバー,ガエンFF
マニューバー,クアッドホッパーホワイト
マニューバー,スパッタリー・ヒュー
マニューバー,ケルビン525デコ
マニューバー,ガエンFFカスタム
マニューバー,スパッタリーOWL
シェルター,オーダーシェルターレプリカ
シェルター,パラシェルター
シェルター,24式張替傘・甲
シェルター,キャンピングシェルター
シェルター,スパイガジェット
シェルター,パラシェルターソレーラ
シェルター,24式張替傘・乙
シェルター,キャンピングシェルターソレーラ
シェルター,スパイガジェットソレーラ
シェルター,キャンピングシェルターCREM
シェルター,スパイガジェット繚
ワイパー,オーダーワイパーレプリカ
ワイパー,ドライブワイパー
ワイパー,ドライブワイパーデコ
ワイパー,ドライブワイパーRUST
ワイパー,ジムワイパー
ワイパー,ジムワイパー・ヒュー
ワイパー,デンタルワイパーミント
ワイパー,ジムワイパー封
ワイパー,デンタルワイパースミ
ストリンガー,オーダーストリンガーレプリカ
ストリンガー,トライストリンガー
ストリンガー,LACT450
ストリンガー,トライストリンガーコラボ
ストリンガー,LACT-450デコ
ストリンガー,トライストリンガー燈
ストリンガー,LACT-450MILK
ストリンガー,フルイドV
ストリンガー,フルイドVカスタム
